-- seed data for shop_lab
USE shop_lab;

SET NAMES utf8mb4;

INSERT INTO users (id, email, name, status, created_at) VALUES
  (1, 'tom@example.com',   'Tom',   1, '2026-01-01 10:00:00.000'),
  (2, 'alice@example.com', 'Alice', 1, '2026-01-02 11:00:00.000'),
  (3, 'bob@example.com',   'Bob',   1, '2026-01-03 12:00:00.000'),
  (4, 'carol@example.com', 'Carol', 0, '2026-01-04 13:00:00.000'),
  (5, 'dave@example.com',  'Dave',  1, '2026-01-05 14:00:00.000');

INSERT INTO products (id, sku, name, price, stock, status, created_at) VALUES
  (1, 'SKU-KB-01',  '机械键盘',  299.00, 50, 1, '2026-01-01 09:00:00.000'),
  (2, 'SKU-MS-01',  '无线鼠标',   99.00, 100, 1, '2026-01-01 09:00:00.000'),
  (3, 'SKU-CABLE',  'USB-C 线',   29.90, 500, 1, '2026-01-01 09:00:00.000'),
  (4, 'SKU-HDPH',   '降噪耳机',  799.00, 20, 1, '2026-01-01 09:00:00.000'),
  (5, 'SKU-OLD',    '停售配件',   19.00,  0, 0, '2025-12-01 09:00:00.000');

INSERT INTO orders (id, order_no, user_id, status, total_amount, created_at) VALUES
  (1, 'O202601010001', 1, 1, 328.90, '2026-01-10 10:00:00.000'),
  (2, 'O202601010002', 1, 3, 799.00, '2026-01-11 11:00:00.000'),
  (3, 'O202601010003', 2, 0,  99.00, '2026-01-12 12:00:00.000'),
  (4, 'O202601010004', 2, 2, 328.90, '2026-01-15 15:00:00.000'),
  (5, 'O202601010005', 3, 4,  29.90, '2026-01-16 16:00:00.000'),
  (6, 'O202601010006', 1, 1,  99.00, '2026-01-18 18:00:00.000'),
  (7, 'O202601010007', 5, 1,1097.90, '2026-01-20 20:00:00.000');

INSERT INTO order_items (order_id, product_id, product_name, unit_price, quantity, created_at) VALUES
  (1, 1, '机械键盘', 299.00, 1, '2026-01-10 10:00:00.000'),
  (1, 3, 'USB-C 线',  29.90, 1, '2026-01-10 10:00:00.000'),
  (2, 4, '降噪耳机', 799.00, 1, '2026-01-11 11:00:00.000'),
  (3, 2, '无线鼠标',  99.00, 1, '2026-01-12 12:00:00.000'),
  (4, 1, '机械键盘', 299.00, 1, '2026-01-15 15:00:00.000'),
  (4, 3, 'USB-C 线',  29.90, 1, '2026-01-15 15:00:00.000'),
  (5, 3, 'USB-C 线',  29.90, 1, '2026-01-16 16:00:00.000'),
  (6, 2, '无线鼠标',  99.00, 1, '2026-01-18 18:00:00.000'),
  (7, 4, '降噪耳机', 799.00, 1, '2026-01-20 20:00:00.000'),
  (7, 1, '机械键盘', 299.00, 1, '2026-01-20 20:00:00.000');

INSERT INTO order_addresses (
  order_id, receiver_name, receiver_phone, province, city, district,
  address_line1, address_line2, created_at
) VALUES
  (1, 'Tom',   '13800000001', '上海市', '上海市', '浦东新区', '世纪大道 1 号', NULL, '2026-01-10 10:00:00.000'),
  (2, 'Tom',   '13800000001', '上海市', '上海市', '徐汇区',   '漕溪北路 2 号', '801室', '2026-01-11 11:00:00.000'),
  (3, 'Alice', '13800000002', '浙江省', '杭州市', '西湖区',   '文三路 3 号',   NULL, '2026-01-12 12:00:00.000'),
  (4, 'Alice', '13800000002', '浙江省', '杭州市', '滨江区',   '网商路 4 号',   NULL, '2026-01-15 15:00:00.000'),
  (5, 'Bob',   '13800000003', '广东省', '深圳市', '南山区',   '科技园 5 号',   NULL, '2026-01-16 16:00:00.000'),
  (6, 'Tom',   '13800000001', '上海市', '上海市', '浦东新区', '世纪大道 1 号', NULL, '2026-01-18 18:00:00.000'),
  (7, 'Dave',  '13800000005', '北京市', '北京市', '海淀区',   '中关村 6 号',   NULL, '2026-01-20 20:00:00.000');
